"Hostname","Status","Remark","Application_Name","Version","Publisher","SerialNumber","InstallDate","RegistryPath","Last_Scan_Time"
"L-PG03VRZB","OK","Successful","7-Zip 24.09 (x64)","24.09","Igor Pavlov","","","HKEY_LOCAL_MACHINE\SOFTWARE\Microsoft\Windows\CurrentVersion\Uninstall\7-Zip",
"L-PG03VRZB","OK","Successful","Android Studio","2023.2","Google LLC","","","HKEY_LOCAL_MACHINE\SOFTWARE\Microsoft\Windows\CurrentVersion\Uninstall\Android Studio",
"L-PG03VRZB","OK","Successful","Microsoft SQL Server 2022 (64-bit)",,,"","","HKEY_LOCAL_MACHINE\SOFTWARE\Microsoft\Windows\CurrentVersion\Uninstall\Microsoft SQL Server 16",
"L-PG03VRZB","OK","Successful","Microsoft SQL Server 2022 (64-bit)",,"Microsoft Corporation","6F3B47C9-1659-4511-A3F5-002E24969DFD","","HKEY_LOCAL_MACHINE\SOFTWARE\Microsoft\Windows\CurrentVersion\Uninstall\Microsoft SQL Server SQL2022",
"L-PG03VRZB","OK","Successful","Mozilla Maintenance Service","118.0.2","Mozilla","","","HKEY_LOCAL_MACHINE\SOFTWARE\Microsoft\Windows\CurrentVersion\Uninstall\MozillaMaintenanceService",
"L-PG03VRZB","OK","Successful","Notepad++ (64-bit x64)","8.7.1","Notepad++ Team","","","HKEY_LOCAL_MACHINE\SOFTWARE\Microsoft\Windows\CurrentVersion\Uninstall\Notepad++",
"L-PG03VRZB","OK","Successful","Microsoft 365 - en-us","16.0.18827.20164","Microsoft Corporation","","","HKEY_LOCAL_MACHINE\SOFTWARE\Microsoft\Windows\CurrentVersion\Uninstall\O365HomePremRetail - en-us",
"L-PG03VRZB","OK","Successful","Microsoft OneDrive","25.105.0601.0002","Microsoft Corporation","","","HKEY_LOCAL_MACHINE\SOFTWARE\Microsoft\Windows\CurrentVersion\Uninstall\OneDriveSetup.exe",
"L-PG03VRZB","OK","Successful","VLC media player","3.0.20","VideoLAN","","","HKEY_LOCAL_MACHINE\SOFTWARE\Microsoft\Windows\CurrentVersion\Uninstall\VLC media player",
"L-PG03VRZB","OK","Successful","Python 3.12.2 Executables (64-bit)","3.12.2150.0","Python Software Foundation","097D2A37-E94B-4FAD-8C89-D63443BD4D4A","3/18/2024 12:00:00 AM","HKEY_LOCAL_MACHINE\SOFTWARE\Microsoft\Windows\CurrentVersion\Uninstall\{097D2A37-E94B-4FAD-8C89-D63443BD4D4A}",
"L-PG03VRZB","OK","Successful","SQL Server 2022 SQL Diagnostics","16.0.1000.6","Microsoft Corporation","0CEFE958-E71A-4171-9DEF-77E9234A5613","6/13/2025 12:00:00 AM","HKEY_LOCAL_MACHINE\SOFTWARE\Microsoft\Windows\CurrentVersion\Uninstall\{0CEFE958-E71A-4171-9DEF-77E9234A5613}",
"L-PG03VRZB","OK","Successful","Microsoft ODBC Driver 17 for SQL Server","17.10.6.1","Microsoft Corporation","0E0F96AC-80DE-4400-A40C-429D63293651","6/16/2025 12:00:00 AM","HKEY_LOCAL_MACHINE\SOFTWARE\Microsoft\Windows\CurrentVersion\Uninstall\{0E0F96AC-80DE-4400-A40C-429D63293651}",
"L-PG03VRZB","OK","Successful","VMware Workstation","17.0.0","VMware, Inc.","0E992720-1330-4AB3-8155-255F79785535","10/12/2023 12:00:00 AM","HKEY_LOCAL_MACHINE\SOFTWARE\Microsoft\Windows\CurrentVersion\Uninstall\{0E992720-1330-4AB3-8155-255F79785535}",
"L-PG03VRZB","OK","Successful","SQL Server 2022 Shared Management Objects","16.0.1000.6","Microsoft Corporation","12618131-AA9A-4DAE-9387-CE4417955B9F","6/13/2025 12:00:00 AM","HKEY_LOCAL_MACHINE\SOFTWARE\Microsoft\Windows\CurrentVersion\Uninstall\{12618131-AA9A-4DAE-9387-CE4417955B9F}",
"L-PG03VRZB","OK","Successful","Microsoft Visual C++ 2022 X64 Minimum Runtime - 14.44.35208","14.44.35208","Microsoft Corporation","130A991B-6E86-4D62-86F4-656E6C9DA867","6/13/2025 12:00:00 AM","HKEY_LOCAL_MACHINE\SOFTWARE\Microsoft\Windows\CurrentVersion\Uninstall\{130A991B-6E86-4D62-86F4-656E6C9DA867}",
"L-PG03VRZB","OK","Successful","OpenVPN Connect","3.4.2","OpenVPN Inc.","13E62609-AC5C-4E12-87F0-2D40B8C465A0","9/5/2023 12:00:00 AM","HKEY_LOCAL_MACHINE\SOFTWARE\Microsoft\Windows\CurrentVersion\Uninstall\{13E62609-AC5C-4E12-87F0-2D40B8C465A0}",
"L-PG03VRZB","OK","Successful","SQL Server 2022 Database Engine Shared","16.0.1000.6","Microsoft Corporation","161B8D12-C41B-4ACF-9BB5-E1FEE6788869","6/13/2025 12:00:00 AM","HKEY_LOCAL_MACHINE\SOFTWARE\Microsoft\Windows\CurrentVersion\Uninstall\{161B8D12-C41B-4ACF-9BB5-E1FEE6788869}",
"L-PG03VRZB","OK","Successful","Oracle VM VirtualBox 7.0.8","7.0.8","Oracle and/or its affiliates","2D9D28CD-84DE-4DC7-BAD2-CA5505324049","8/10/2023 12:00:00 AM","HKEY_LOCAL_MACHINE\SOFTWARE\Microsoft\Windows\CurrentVersion\Uninstall\{2D9D28CD-84DE-4DC7-BAD2-CA5505324049}",
"L-PG03VRZB","OK","Successful","SQL Server 2022 Shared Management Objects Extensions","16.0.1000.6","Microsoft Corporation","35EC6145-E333-42DB-BCB3-380DF6140C11","6/13/2025 12:00:00 AM","HKEY_LOCAL_MACHINE\SOFTWARE\Microsoft\Windows\CurrentVersion\Uninstall\{35EC6145-E333-42DB-BCB3-380DF6140C11}",
"L-PG03VRZB","OK","Successful","Python 3.12.2 Core Interpreter (64-bit)","3.12.2150.0","Python Software Foundation","4534F2ED-1616-434D-98A6-0DA358DCD466","3/18/2024 12:00:00 AM","HKEY_LOCAL_MACHINE\SOFTWARE\Microsoft\Windows\CurrentVersion\Uninstall\{4534F2ED-1616-434D-98A6-0DA358DCD466}",
"L-PG03VRZB","OK","Successful","PuTTY release 0.78 (64-bit)","0.78.0.0","Simon Tatham","4EEF2644-700F-46F8-9655-915145248986","9/14/2023 12:00:00 AM","HKEY_LOCAL_MACHINE\SOFTWARE\Microsoft\Windows\CurrentVersion\Uninstall\{4EEF2644-700F-46F8-9655-915145248986}",
"L-PG03VRZB","OK","Successful","Java(TM) SE Development Kit 11.0.21 (64-bit)","11.0.21.0","Oracle Corporation","5289E808-A4E6-5A09-804A-590097852C24","2/24/2024 12:00:00 AM","HKEY_LOCAL_MACHINE\SOFTWARE\Microsoft\Windows\CurrentVersion\Uninstall\{5289E808-A4E6-5A09-804A-590097852C24}",
"L-PG03VRZB","OK","Successful","SQL Server 2022 DMF","16.0.1000.6","Microsoft Corporation","5AB77D4E-9E5F-4627-B78B-129A5EC2858A","6/13/2025 12:00:00 AM","HKEY_LOCAL_MACHINE\SOFTWARE\Microsoft\Windows\CurrentVersion\Uninstall\{5AB77D4E-9E5F-4627-B78B-129A5EC2858A}",
"L-PG03VRZB","OK","Successful","Microsoft Visual C++ 2008 Redistributable - x64 9.0.30729.6161","9.0.30729.6161","Microsoft Corporation","5FCE6D76-F5DC-37AB-B2B8-22AB8CEDB1D4","8/9/2023 12:00:00 AM","HKEY_LOCAL_MACHINE\SOFTWARE\Microsoft\Windows\CurrentVersion\Uninstall\{5FCE6D76-F5DC-37AB-B2B8-22AB8CEDB1D4}",
"L-PG03VRZB","OK","Successful","Microsoft SQL Server 2022 RsFx Driver","16.0.1000.6","Microsoft Corporation","629C8FC9-3763-4C58-8264-5288AE34AFEF","6/13/2025 12:00:00 AM","HKEY_LOCAL_MACHINE\SOFTWARE\Microsoft\Windows\CurrentVersion\Uninstall\{629C8FC9-3763-4C58-8264-5288AE34AFEF}",
"L-PG03VRZB","OK","Successful","SQL Server 2022 Database Engine Services","16.0.1000.6","Microsoft Corporation","6621C765-569C-4D46-A8E9-C69A47971357","6/13/2025 12:00:00 AM","HKEY_LOCAL_MACHINE\SOFTWARE\Microsoft\Windows\CurrentVersion\Uninstall\{6621C765-569C-4D46-A8E9-C69A47971357}",
"L-PG03VRZB","OK","Successful","SQL Server 2022 Common Files","16.0.1000.6","Microsoft Corporation","6A68D32C-4C0D-4847-B70C-58E6B4D76A12","6/13/2025 12:00:00 AM","HKEY_LOCAL_MACHINE\SOFTWARE\Microsoft\Windows\CurrentVersion\Uninstall\{6A68D32C-4C0D-4847-B70C-58E6B4D76A12}",
"L-PG03VRZB","OK","Successful","SQL Server 2022 Shared Management Objects","16.0.1000.6","Microsoft Corporation","6F8242AA-1B25-421C-8E45-FC5978D9AA3A","6/13/2025 12:00:00 AM","HKEY_LOCAL_MACHINE\SOFTWARE\Microsoft\Windows\CurrentVersion\Uninstall\{6F8242AA-1B25-421C-8E45-FC5978D9AA3A}",
"L-PG03VRZB","OK","Successful","Microsoft OLE DB Driver for SQL Server","18.7.4.0","Microsoft Corporation","76EB75D2-CCF6-41A9-90B6-922DE9146276","6/16/2025 12:00:00 AM","HKEY_LOCAL_MACHINE\SOFTWARE\Microsoft\Windows\CurrentVersion\Uninstall\{76EB75D2-CCF6-41A9-90B6-922DE9146276}",
"L-PG03VRZB","OK","Successful","SQL Server 2022 Connection Info","16.0.1000.6","Microsoft Corporation","770DA7F2-817B-4AA6-9160-08BB658ABDC6","6/13/2025 12:00:00 AM","HKEY_LOCAL_MACHINE\SOFTWARE\Microsoft\Windows\CurrentVersion\Uninstall\{770DA7F2-817B-4AA6-9160-08BB658ABDC6}",
"L-PG03VRZB","OK","Successful","Microsoft Visual Studio Tools for Applications 2019 x64 Hosting Support","16.0.35907","Microsoft Corporation","7BDD7CC4-4DC1-3A36-A3D4-17C443778107","6/16/2025 12:00:00 AM","HKEY_LOCAL_MACHINE\SOFTWARE\Microsoft\Windows\CurrentVersion\Uninstall\{7BDD7CC4-4DC1-3A36-A3D4-17C443778107}",
"L-PG03VRZB","OK","Successful","Microsoft Analysis Services OLE DB Provider","16.0.5143.0","Microsoft Corporation","7CA9BDB2-DC47-44B5-B384-8938B461CC38","6/16/2025 12:00:00 AM","HKEY_LOCAL_MACHINE\SOFTWARE\Microsoft\Windows\CurrentVersion\Uninstall\{7CA9BDB2-DC47-44B5-B384-8938B461CC38}",
"L-PG03VRZB","OK","Successful","Microsoft Visual C++ 2022 X64 Additional Runtime - 14.44.35208","14.44.35208","Microsoft Corporation","7E35F76C-5801-4A4A-817C-66AF46D3E5AD","6/13/2025 12:00:00 AM","HKEY_LOCAL_MACHINE\SOFTWARE\Microsoft\Windows\CurrentVersion\Uninstall\{7E35F76C-5801-4A4A-817C-66AF46D3E5AD}",
"L-PG03VRZB","OK","Successful","SQL Server 2022 Batch Parser","16.0.1000.6","Microsoft Corporation","7EFD8B19-A9E6-41CF-A96F-B9B6E30EC345","6/13/2025 12:00:00 AM","HKEY_LOCAL_MACHINE\SOFTWARE\Microsoft\Windows\CurrentVersion\Uninstall\{7EFD8B19-A9E6-41CF-A96F-B9B6E30EC345}",
"L-PG03VRZB","OK","Successful","SQL Server 2022 Common Files","16.0.1000.6","Microsoft Corporation","8770AF64-BB4B-4404-BDD6-6AF8E4C461FC","6/13/2025 12:00:00 AM","HKEY_LOCAL_MACHINE\SOFTWARE\Microsoft\Windows\CurrentVersion\Uninstall\{8770AF64-BB4B-4404-BDD6-6AF8E4C461FC}",
"L-PG03VRZB","OK","Successful","Office 16 Click-to-Run Licensing Component","16.0.18827.20164","Microsoft Corporation","90160000-007E-0000-1000-0000000FF1CE","6/24/2025 12:00:00 AM","HKEY_LOCAL_MACHINE\SOFTWARE\Microsoft\Windows\CurrentVersion\Uninstall\{90160000-007E-0000-1000-0000000FF1CE}",
"L-PG03VRZB","OK","Successful","Office 16 Click-to-Run Extensibility Component","16.0.18827.20102","Microsoft Corporation","90160000-008C-0000-1000-0000000FF1CE","6/3/2025 12:00:00 AM","HKEY_LOCAL_MACHINE\SOFTWARE\Microsoft\Windows\CurrentVersion\Uninstall\{90160000-008C-0000-1000-0000000FF1CE}",
"L-PG03VRZB","OK","Successful","Python 3.12.2 Test Suite (64-bit)","3.12.2150.0","Python Software Foundation","94087C99-E4F5-4637-A789-3B6059DF787B","2/22/2024 12:00:00 AM","HKEY_LOCAL_MACHINE\SOFTWARE\Microsoft\Windows\CurrentVersion\Uninstall\{94087C99-E4F5-4637-A789-3B6059DF787B}",
"L-PG03VRZB","OK","Successful","SQL Server 2022 XEvent","16.0.1000.6","Microsoft Corporation","94AEB0A0-365C-449B-B573-D2ECB353EB06","6/13/2025 12:00:00 AM","HKEY_LOCAL_MACHINE\SOFTWARE\Microsoft\Windows\CurrentVersion\Uninstall\{94AEB0A0-365C-449B-B573-D2ECB353EB06}",
"L-PG03VRZB","OK","Successful","SQL Server 2022 Shared Management Objects Extensions","16.0.1000.6","Microsoft Corporation","A0F7ACBA-075F-4BC7-A85A-5DC301FCEC74","6/13/2025 12:00:00 AM","HKEY_LOCAL_MACHINE\SOFTWARE\Microsoft\Windows\CurrentVersion\Uninstall\{A0F7ACBA-075F-4BC7-A85A-5DC301FCEC74}",
"L-PG03VRZB","OK","Successful","Microsoft Teams Meeting Add-in for Microsoft Office","1.25.14602","Microsoft","A7AB73A3-CB10-4AA5-9D38-6AEFFBDE4C91","6/29/2025 12:00:00 AM","HKEY_LOCAL_MACHINE\SOFTWARE\Microsoft\Windows\CurrentVersion\Uninstall\{A7AB73A3-CB10-4AA5-9D38-6AEFFBDE4C91}",
"L-PG03VRZB","OK","Successful","Microsoft VSS Writer for SQL Server 2022","16.0.1000.6","Microsoft Corporation","AB5D8778-81F3-47E2-87A4-35E776CD664B","6/13/2025 12:00:00 AM","HKEY_LOCAL_MACHINE\SOFTWARE\Microsoft\Windows\CurrentVersion\Uninstall\{AB5D8778-81F3-47E2-87A4-35E776CD664B}",
"L-PG03VRZB","OK","Successful","Adobe Acrobat (64-bit)","25.001.20531","Adobe","AC76BA86-1033-1033-7760-BC15014EA700","6/12/2025 12:00:00 AM","HKEY_LOCAL_MACHINE\SOFTWARE\Microsoft\Windows\CurrentVersion\Uninstall\{AC76BA86-1033-1033-7760-BC15014EA700}",
"L-PG03VRZB","OK","Successful","Python 3.12.2 Tcl/Tk Support (64-bit)","3.12.2150.0","Python Software Foundation","B50C92E9-2780-433A-AA61-E9F06D0AFF8A","2/22/2024 12:00:00 AM","HKEY_LOCAL_MACHINE\SOFTWARE\Microsoft\Windows\CurrentVersion\Uninstall\{B50C92E9-2780-433A-AA61-E9F06D0AFF8A}",
"L-PG03VRZB","OK","Successful","Python 3.12.2 Documentation (64-bit)","3.12.2150.0","Python Software Foundation","BD32BDE9-835D-4013-8F9A-45FF11456F02","2/22/2024 12:00:00 AM","HKEY_LOCAL_MACHINE\SOFTWARE\Microsoft\Windows\CurrentVersion\Uninstall\{BD32BDE9-835D-4013-8F9A-45FF11456F02}",
"L-PG03VRZB","OK","Successful","SQL Server 2022 XEvent","16.0.1000.6","Microsoft Corporation","BD8B7339-7559-4FC3-95E6-264324D45235","6/13/2025 12:00:00 AM","HKEY_LOCAL_MACHINE\SOFTWARE\Microsoft\Windows\CurrentVersion\Uninstall\{BD8B7339-7559-4FC3-95E6-264324D45235}",
"L-PG03VRZB","OK","Successful","Python 3.12.2 pip Bootstrap (64-bit)","3.12.2150.0","Python Software Foundation","BDE73EDC-76AE-475D-8885-9B583631B0FC","2/22/2024 12:00:00 AM","HKEY_LOCAL_MACHINE\SOFTWARE\Microsoft\Windows\CurrentVersion\Uninstall\{BDE73EDC-76AE-475D-8885-9B583631B0FC}",
"L-PG03VRZB","OK","Successful","Microsoft SQL Server 2022 Setup (English)","16.0.1000.6","Microsoft Corporation","BF4D8C4B-D931-4D62-A7ED-8A34B2FC0D1B","6/13/2025 12:00:00 AM","HKEY_LOCAL_MACHINE\SOFTWARE\Microsoft\Windows\CurrentVersion\Uninstall\{BF4D8C4B-D931-4D62-A7ED-8A34B2FC0D1B}",
"L-PG03VRZB","OK","Successful","SQL Server 2022 Database Engine Services","16.0.1000.6","Microsoft Corporation","C4CF167C-4739-4A3A-8D75-59C9C5F135CA","6/13/2025 12:00:00 AM","HKEY_LOCAL_MACHINE\SOFTWARE\Microsoft\Windows\CurrentVersion\Uninstall\{C4CF167C-4739-4A3A-8D75-59C9C5F135CA}",
"L-PG03VRZB","OK","Successful","Microsoft Update Health Tools","5.72.0.0","Microsoft Corporation","C6FD611E-7EFE-488C-A0E0-974C09EF6473","11/10/2023 12:00:00 AM","HKEY_LOCAL_MACHINE\SOFTWARE\Microsoft\Windows\CurrentVersion\Uninstall\{C6FD611E-7EFE-488C-A0E0-974C09EF6473}",
"L-PG03VRZB","OK","Successful","AWS Command Line Interface v2","2.15.15.0","Amazon Web Services","C7B18B27-C905-4161-BD5E-FD0650AE87A5","1/31/2024 12:00:00 AM","HKEY_LOCAL_MACHINE\SOFTWARE\Microsoft\Windows\CurrentVersion\Uninstall\{C7B18B27-C905-4161-BD5E-FD0650AE87A5}",
"L-PG03VRZB","OK","Successful","WinZip 28.0","28.0.15640","Corel Corporation","CD95F661-A5C4-44F5-A6AA-ECDD91C24151","11/25/2023 12:00:00 AM","HKEY_LOCAL_MACHINE\SOFTWARE\Microsoft\Windows\CurrentVersion\Uninstall\{CD95F661-A5C4-44F5-A6AA-ECDD91C24151}",
"L-PG03VRZB","OK","Successful","SQL Server 2022 Database Engine Shared","16.0.1000.6","Microsoft Corporation","D6E82158-05B9-4A18-A624-EA135BC77766","6/13/2025 12:00:00 AM","HKEY_LOCAL_MACHINE\SOFTWARE\Microsoft\Windows\CurrentVersion\Uninstall\{D6E82158-05B9-4A18-A624-EA135BC77766}",
"L-PG03VRZB","OK","Successful","SQL Server 2022 DMF","16.0.1000.6","Microsoft Corporation","DCA0C2D6-83BF-41AE-B1AB-C4181002DE40","6/13/2025 12:00:00 AM","HKEY_LOCAL_MACHINE\SOFTWARE\Microsoft\Windows\CurrentVersion\Uninstall\{DCA0C2D6-83BF-41AE-B1AB-C4181002DE40}",
"L-PG03VRZB","OK","Successful","Python 3.12.2 Standard Library (64-bit)","3.12.2150.0","Python Software Foundation","E172CAF3-ABC7-4B62-BA8C-3A2472DE44F6","2/22/2024 12:00:00 AM","HKEY_LOCAL_MACHINE\SOFTWARE\Microsoft\Windows\CurrentVersion\Uninstall\{E172CAF3-ABC7-4B62-BA8C-3A2472DE44F6}",
"L-PG03VRZB","OK","Successful","SQL Server 2022 Connection Info","16.0.1000.6","Microsoft Corporation","EAC54B82-7A37-4A9E-8953-474316BD40F6","6/13/2025 12:00:00 AM","HKEY_LOCAL_MACHINE\SOFTWARE\Microsoft\Windows\CurrentVersion\Uninstall\{EAC54B82-7A37-4A9E-8953-474316BD40F6}",
"L-PG03VRZB","OK","Successful","Python 3.12.2 Development Libraries (64-bit)","3.12.2150.0","Python Software Foundation","F131E2DD-B8C5-42F3-85B7-3D4BAC9582CD","2/22/2024 12:00:00 AM","HKEY_LOCAL_MACHINE\SOFTWARE\Microsoft\Windows\CurrentVersion\Uninstall\{F131E2DD-B8C5-42F3-85B7-3D4BAC9582CD}",
"L-PG03VRZB","OK","Successful","360 Total Security","11.0.0.1204","360 Security Center","","","HKEY_LOCAL_MACHINE\SOFTWARE\WOW6432Node\Microsoft\Windows\CurrentVersion\Uninstall\360TotalSecurity",
"L-PG03VRZB","OK","Successful","Angry IP Scanner","3.9.1","Angry IP Scanner","","","HKEY_LOCAL_MACHINE\SOFTWARE\WOW6432Node\Microsoft\Windows\CurrentVersion\Uninstall\Angry IP Scanner",
"L-PG03VRZB","OK","Successful","AnyDesk","ad 9.0.7","AnyDesk Software GmbH","","","HKEY_LOCAL_MACHINE\SOFTWARE\WOW6432Node\Microsoft\Windows\CurrentVersion\Uninstall\AnyDesk",
"L-PG03VRZB","OK","Successful","Google Chrome","138.0.7204.49","Google LLC","","6/26/2025 12:00:00 AM","HKEY_LOCAL_MACHINE\SOFTWARE\WOW6432Node\Microsoft\Windows\CurrentVersion\Uninstall\Google Chrome",
"L-PG03VRZB","OK","Successful","Microsoft Edge","138.0.3351.65","Microsoft Corporation","56EB18F8-B008-4CBD-B6D2-8C97FE7E9062","7/4/2025 12:00:00 AM","HKEY_LOCAL_MACHINE\SOFTWARE\WOW6432Node\Microsoft\Windows\CurrentVersion\Uninstall\Microsoft Edge",
"L-PG03VRZB","OK","Successful","Microsoft Edge WebView2 Runtime","137.0.3296.93","Microsoft Corporation","F3017226-FE2A-4295-8BDF-00C3A9A7E4C5","6/23/2025 12:00:00 AM","HKEY_LOCAL_MACHINE\SOFTWARE\WOW6432Node\Microsoft\Windows\CurrentVersion\Uninstall\Microsoft EdgeWebView",
"L-PG03VRZB","OK","Successful","Microsoft Help Viewer 2.3","2.3.28307","Microsoft Corporation","99DC6816-30B2-32EB-9E12-AF8944C4FA4E","","HKEY_LOCAL_MACHINE\SOFTWARE\WOW6432Node\Microsoft\Windows\CurrentVersion\Uninstall\Microsoft Help Viewer 2.3",
"L-PG03VRZB","OK","Successful","Mozilla Firefox (x86 en-US)","140.0.2","Mozilla","","","HKEY_LOCAL_MACHINE\SOFTWARE\WOW6432Node\Microsoft\Windows\CurrentVersion\Uninstall\Mozilla Firefox 140.0.2 (x86 en-US)",
"L-PG03VRZB","OK","Successful","Npcap","1.78","Nmap Project","","","HKEY_LOCAL_MACHINE\SOFTWARE\WOW6432Node\Microsoft\Windows\CurrentVersion\Uninstall\NpcapInst",
"L-PG03VRZB","OK","Successful","vs_CoreEditorFonts","17.7.40001","Microsoft Corporation","1851460E-0E63-4117-B5BA-25A2F045801B","9/24/2024 12:00:00 AM","HKEY_LOCAL_MACHINE\SOFTWARE\WOW6432Node\Microsoft\Windows\CurrentVersion\Uninstall\{1851460E-0E63-4117-B5BA-25A2F045801B}",
"L-PG03VRZB","OK","Successful","Microsoft SQL Server Management Studio - 20.2.1","20.2.37.0","Microsoft Corporation","22baa1c2-262f-4194-9cc7-84403b8e16f1","","HKEY_LOCAL_MACHINE\SOFTWARE\WOW6432Node\Microsoft\Windows\CurrentVersion\Uninstall\{22baa1c2-262f-4194-9cc7-84403b8e16f1}",
"L-PG03VRZB","OK","Successful","Windows Resource Kit Tools - SrvMgr.exe","5.2.3790.1127","Microsoft Corporation","2820D3B7-575E-457C-94EB-996A515C6595","12/6/2023 12:00:00 AM","HKEY_LOCAL_MACHINE\SOFTWARE\WOW6432Node\Microsoft\Windows\CurrentVersion\Uninstall\{2820D3B7-575E-457C-94EB-996A515C6595}",
"L-PG03VRZB","OK","Successful","Visual Studio 2017 Isolated Shell for SSMS","15.0.28307.421","Microsoft Corporation","29BA18D9-00DF-4A08-BBBE-A0211A31D452","6/16/2025 12:00:00 AM","HKEY_LOCAL_MACHINE\SOFTWARE\WOW6432Node\Microsoft\Windows\CurrentVersion\Uninstall\{29BA18D9-00DF-4A08-BBBE-A0211A31D452}",
"L-PG03VRZB","OK","Successful","Python Launcher","3.12.2150.0","Python Software Foundation","3B36061E-A25F-4E12-BFD1-68E724723D48","2/22/2024 12:00:00 AM","HKEY_LOCAL_MACHINE\SOFTWARE\WOW6432Node\Microsoft\Windows\CurrentVersion\Uninstall\{3B36061E-A25F-4E12-BFD1-68E724723D48}",
"L-PG03VRZB","OK","Successful","Microsoft Visual C++ 2022 X86 Minimum Runtime - 14.44.35208","14.44.35208","Microsoft Corporation","491C67BA-2F2F-4A90-B9DD-4C76BFDBEA02","6/13/2025 12:00:00 AM","HKEY_LOCAL_MACHINE\SOFTWARE\WOW6432Node\Microsoft\Windows\CurrentVersion\Uninstall\{491C67BA-2F2F-4A90-B9DD-4C76BFDBEA02}",
"L-PG03VRZB","OK","Successful","Microsoft Visual C++ 2022 X86 Additional Runtime - 14.44.35208","14.44.35208","Microsoft Corporation","5A76FFAE-36C5-4648-80BD-4BB5B6E971F0","6/13/2025 12:00:00 AM","HKEY_LOCAL_MACHINE\SOFTWARE\WOW6432Node\Microsoft\Windows\CurrentVersion\Uninstall\{5A76FFAE-36C5-4648-80BD-4BB5B6E971F0}",
"L-PG03VRZB","OK","Successful","ManageEngine AssetExplorer","7520","Zoho Corporation Pvt. Ltd.","5F637ECE-E6E5-4F3B-8780-D26B379E9296","8/3/2024 12:00:00 AM","HKEY_LOCAL_MACHINE\SOFTWARE\WOW6432Node\Microsoft\Windows\CurrentVersion\Uninstall\{5F637ECE-E6E5-4F3B-8780-D26B379E9296}",
"L-PG03VRZB","OK","Successful","OpenOffice 4.1.15","4.115.9813","Apache Software Foundation","7A10D0DA-1711-4CB1-8D71-81A6E0149B43","1/21/2025 12:00:00 AM","HKEY_LOCAL_MACHINE\SOFTWARE\WOW6432Node\Microsoft\Windows\CurrentVersion\Uninstall\{7A10D0DA-1711-4CB1-8D71-81A6E0149B43}",
"L-PG03VRZB","OK","Successful","Microsoft Analysis Services OLE DB Provider","16.0.5143.0","Microsoft Corporation","8D96B285-698F-42BA-B483-A0A54D75ECD6","6/16/2025 12:00:00 AM","HKEY_LOCAL_MACHINE\SOFTWARE\WOW6432Node\Microsoft\Windows\CurrentVersion\Uninstall\{8D96B285-698F-42BA-B483-A0A54D75ECD6}",
"L-PG03VRZB","OK","Successful","Microsoft Visual C++ 2015-2022 Redistributable (x64) - 14.44.35208","14.44.35208.0","Microsoft Corporation","9387bec2-2f2b-48d1-a0ce-692c5df7042d","","HKEY_LOCAL_MACHINE\SOFTWARE\WOW6432Node\Microsoft\Windows\CurrentVersion\Uninstall\{9387bec2-2f2b-48d1-a0ce-692c5df7042d}",
"L-PG03VRZB","OK","Successful","Microsoft Help Viewer 2.3","2.3.28307","Microsoft Corporation","99DC6816-30B2-32EB-9E12-AF8944C4FA4E","6/16/2025 12:00:00 AM","HKEY_LOCAL_MACHINE\SOFTWARE\WOW6432Node\Microsoft\Windows\CurrentVersion\Uninstall\{99DC6816-30B2-32EB-9E12-AF8944C4FA4E}",
"L-PG03VRZB","OK","Successful","SQL Server Management Studio Language Pack - English","20.2.37.0","Microsoft Corp.","99F9105D-C47D-4B22-975F-F57339EE359E","6/16/2025 12:00:00 AM","HKEY_LOCAL_MACHINE\SOFTWARE\WOW6432Node\Microsoft\Windows\CurrentVersion\Uninstall\{99F9105D-C47D-4B22-975F-F57339EE359E}",
"L-PG03VRZB","OK","Successful","Adobe Refresh Manager","1.8.0","Adobe Systems Incorporated","AC76BA86-0804-1033-1959-018244601110","4/22/2025 12:00:00 AM","HKEY_LOCAL_MACHINE\SOFTWARE\WOW6432Node\Microsoft\Windows\CurrentVersion\Uninstall\{AC76BA86-0804-1033-1959-018244601110}",
"L-PG03VRZB","OK","Successful","Microsoft Visual Studio Tools for Applications 2019 x86 Hosting Support","16.0.35907","Microsoft Corporation","B3F8F2A5-3088-3F4B-A308-94F9F7BA44EF","6/16/2025 12:00:00 AM","HKEY_LOCAL_MACHINE\SOFTWARE\WOW6432Node\Microsoft\Windows\CurrentVersion\Uninstall\{B3F8F2A5-3088-3F4B-A308-94F9F7BA44EF}",
"L-PG03VRZB","OK","Successful","Microsoft Visual Studio Tools for Applications 2019","16.0.35907","Microsoft Corporation","ba2546f3-96cd-463e-89eb-2abb4ebfa66d","","HKEY_LOCAL_MACHINE\SOFTWARE\WOW6432Node\Microsoft\Windows\CurrentVersion\Uninstall\{ba2546f3-96cd-463e-89eb-2abb4ebfa66d}",
"L-PG03VRZB","OK","Successful","Integration Services","16.0.5491.7","Microsoft Corporation","C33A075E-FA96-4D75-AC9A-BF4CB73A28C2","6/16/2025 12:00:00 AM","HKEY_LOCAL_MACHINE\SOFTWARE\WOW6432Node\Microsoft\Windows\CurrentVersion\Uninstall\{C33A075E-FA96-4D75-AC9A-BF4CB73A28C2}",
"L-PG03VRZB","OK","Successful","MobaXterm","23.6.0.5186","Mobatek","C9D456CC-BC1A-4671-8891-A6593420ABD1","1/31/2024 12:00:00 AM","HKEY_LOCAL_MACHINE\SOFTWARE\WOW6432Node\Microsoft\Windows\CurrentVersion\Uninstall\{C9D456CC-BC1A-4671-8891-A6593420ABD1}",
"L-PG03VRZB","OK","Successful","Microsoft Visual C++ 2015-2022 Redistributable (x86) - 14.44.35208","14.44.35208.0","Microsoft Corporation","e90abaf0-d749-437b-ba99-cda1c84b6754","","HKEY_LOCAL_MACHINE\SOFTWARE\WOW6432Node\Microsoft\Windows\CurrentVersion\Uninstall\{e90abaf0-d749-437b-ba99-cda1c84b6754}",
"L-PG03VRZB","OK","Successful","SSMS Post Install Tasks","20.2.37.0","Microsoft Corporation","ECE3C19E-10A4-4958-B6DF-2FD15ADF4D3F","6/16/2025 12:00:00 AM","HKEY_LOCAL_MACHINE\SOFTWARE\WOW6432Node\Microsoft\Windows\CurrentVersion\Uninstall\{ECE3C19E-10A4-4958-B6DF-2FD15ADF4D3F}",
"L-PG03VRZB","OK","Successful","Browser for SQL Server 2022","16.0.1000.6","Microsoft Corporation","FDB357D5-CC78-480A-8D26-C15D1A877642","6/13/2025 12:00:00 AM","HKEY_LOCAL_MACHINE\SOFTWARE\WOW6432Node\Microsoft\Windows\CurrentVersion\Uninstall\{FDB357D5-CC78-480A-8D26-C15D1A877642}",
"L-PG03VRZB","OK","Successful","SQL Server Management Studio","20.2.37.0","Microsoft Corp.","FE8C7838-D3E6-4CEA-87BE-216E42391827","6/16/2025 12:00:00 AM","HKEY_LOCAL_MACHINE\SOFTWARE\WOW6432Node\Microsoft\Windows\CurrentVersion\Uninstall\{FE8C7838-D3E6-4CEA-87BE-216E42391827}",
